{
    "customer_short_name"         : "FDT",
    "ras_id"          : "testras server group",
    "region"                  : "DACH",
    "bot_id"          : "BID",
    "bot_log"             : "",
    "source_system"       : "",
    "bot_name"                : "MS Defender Automation",
    "bot_hash"        : "NA",
    "itsm_record"         : "123456789",
    "bot_path"            : "",
    "solution"            : "MS Defender Automation",
    "itsm_customer"           : "",
    "target_endpoint"     : "",
    "execution_start_time"    : "",
    "execution_end_time"      : "",
    "execution_status"    : "",
    "subexec_status"      : "",
    "bot_version"         : "1.0",
    "run_id"          : "",
    "onboarded_count"         : "1"
 
}
 
 